{"cameraMode":{"drawMode":0,"name":"Shaded","section":"Shading Mode"},"sceneLighting":true,"audioPlay":false,"sceneViewState":{"showFog":true,"showMaterialUpdate":false,"showSkybox":true,"showFlares":true,"showImageEffects":true,"showParticleSystems":true},"in2DMode":false,"pivot":{"x":4.426898956298828,"y":-7.31339168548584,"z":14.418323516845704},"rotation":{"x":0.266740083694458,"y":0.0776841938495636,"z":-0.021582094952464105,"w":0.9604123830795288},"size":15.118071556091309,"orthographic":false}