{"cameraMode":{"drawMode":0,"name":"Shaded","section":"Shading Mode"},"sceneLighting":true,"audioPlay":false,"sceneViewState":{"showFog":true,"showMaterialUpdate":false,"showSkybox":true,"showFlares":true,"showImageEffects":true,"showParticleSystems":true},"in2DMode":false,"pivot":{"x":-2.5391435623168947,"y":1.0000004768371583,"z":12.471747398376465},"rotation":{"x":-0.30500656366348269,"y":0.07019425928592682,"z":-0.02257043868303299,"w":-0.9495375752449036},"size":5.724745750427246,"orthographic":false}