{"cameraMode":{"drawMode":0,"name":"Shaded","section":"Shading Mode"},"sceneLighting":true,"audioPlay":false,"sceneViewState":{"showFog":true,"showMaterialUpdate":false,"showSkybox":true,"showFlares":true,"showImageEffects":true,"showParticleSystems":true},"in2DMode":false,"pivot":{"x":0.0,"y":1.0999999046325684,"z":15.619998931884766},"rotation":{"x":0.1990153193473816,"y":-0.02380174957215786,"z":0.004827482160180807,"w":0.9797204732894898},"size":1.7320505380630494,"orthographic":false}